files 	response
GSM2127727_P1_N_SNP6 	2.113406
GSM2127658_P1_T1_SNP6 	2.385327
GSM2127728_P3_N_SNP6 	1.654766
GSM2127659_P3_T1_SNP6 	2.047897
