files,response
GSM2127658_P1_T1_SNP6,2.113406
GSM2127659_P3_T1_SNP6,2.047897
GSM2127660_P5_T1_SNP6,2.385327
GSM2127661_P7_T1_SNP6,1.654766
